week,commits,contributors,files_changed,insertions,deletions,total_changes,security_files_changed,avg_changes_per_commit,avg_files_per_commit
2025-10-13,22,2,21,159,49,208,0,9.454545454545455,0.9545454545454546
2025-10-20,10,1,12,143,50,193,0,19.3,1.2
2026-03-23,2,1,14,2338,0,2338,0,1169.0,7.0
2026-03-30,2,1,2,125,24,149,0,74.5,1.0
2026-04-20,3,1,41,2634,2549,5183,0,1727.6666666666667,13.666666666666666
2026-05-04,47,1,55,1243,243,1486,0,31.617021276595743,1.1702127659574468
2026-06-01,12,1,12,231,12,243,0,20.25,1.0
2026-06-15,34,1,35,2740,153,2893,0,85.08823529411765,1.0294117647058822
2026-09-28,1,1,1,0,0,0,1,0.0,1.0
